fdc_id,description,protein_per_100g
321358,"Hummus, commercial",7.35
321360,"Tomatoes, grape, raw",0.83
321611,"Beans, snap, green, canned, regular pack, drained solids",1.04
323121,"Frankfurter, beef, unheated",11.7
323294,"Nuts, almonds, dry roasted, with salt added",20.4
323505,"Kale, raw",2.92
323604,"Egg, whole, raw, frozen, pasteurized",12.3
323697,"Egg, white, raw, frozen, pasteurized",10.1
323793,"Egg, white, dried",79.9
324317,"Onion rings, breaded, par fried, frozen, prepared, heated in oven",4.52
324653,"Pickles, cucumber, dill or kosher dill",0.48
325036,"Cheese, parmesan, grated",29.6
325198,"Cheese, pasteurized process, American, vitamin D fortified",18.0
325287,"Grapefruit juice, white, canned or bottled, unsweetened",0.55
325430,"Peaches, yellow, raw",0.91
325524,"Seeds, sunflower seed kernels, dry roasted, with salt added",21.0
325871,"Bread, white, commercially prepared",9.43
326196,"Kale, frozen, cooked, boiled, drained, without salt",2.94
326698,"Mustard, prepared, yellow",4.25
327046,"Kiwifruit, green, raw",1.06
327357,"Nectarines, raw",1.06
328637,"Cheese, cheddar",23.3
328841,"Cheese, cottage, lowfat, 2% milkfat",11.0
329370,"Cheese, mozzarella, low moisture, part-skim",23.7
329490,"Egg, whole, dried",48.1
329596,"Egg, yolk, raw, frozen, pasteurized",15.6
329716,"Egg, yolk, dried",34.2
330137,"Yogurt, Greek, plain, nonfat",10.3
330415,"Yogurt, Greek, strawberry, nonfat",8.06
330458,"Oil, coconut",0.0
331897,"Chicken, broilers or fryers, drumstick, meat only, cooked, braised",23.9
331960,"Chicken, broiler or fryers, breast, skinless, boneless, meat only, cooked, braised",32.1
332282,"Sauce, pasta, spaghetti/marinara, ready-to-serve",1.41
332397,"Ham, sliced, pre-packaged, deli meat (96%fat free, water added)",16.7
332791,"Olives, green, Manzanilla, stuffed with pimiento",1.15
333008,"Cookies, oatmeal, soft, with raisins",5.79
333281,"Tomatoes, canned, red, ripe, diced",0.84
333374,"Fish, haddock, raw",16.3
333476,"Fish, pollock, raw",12.3
334194,"Fish, tuna, light, canned in water, drained solids",19.0
334536,"Restaurant, Chinese, fried rice, without meat",3.84
334628,"Restaurant, Latino, tamale, pork",7.38
334720,"Restaurant, Latino, pupusas con frijoles (pupusas, bean)",5.59
335240,"Bread, whole-wheat, commercially prepared",12.3
746758,"Beef, loin, tenderloin roast, separable lean only, boneless, trimmed to 0"" fat, select, cooked, roasted",27.7
746759,"Beef, loin, top loin steak, boneless, lip-on, separable lean only, trimmed to 1/8"" fat, choice, raw",22.8
746760,"Beef, round, eye of round roast, boneless, separable lean only, trimmed to 0"" fat, select, raw",23.4
746761,"Beef, round, top round roast, boneless, separable lean only, trimmed to 0"" fat, select, raw",23.7
746762,"Beef, short loin, porterhouse steak, separable lean only, trimmed to 1/8"" fat, select, raw",22.7
746763,"Beef, short loin, t-bone steak, bone-in, separable lean only, trimmed to 1/8"" fat, choice, cooked, grilled",27.3
746764,"Carrots, frozen, unprepared",0.81
746765,"Cheese, dry white, queso seco",24.5
746766,"Cheese, ricotta, whole milk",7.81
746767,"Cheese, swiss",27.0
746768,"Figs, dried, uncooked",3.3
746769,"Lettuce, cos or romaine, raw",1.24
746770,"Melons, cantaloupe, raw",0.82
746771,"Oranges, raw, navels",0.91
746772,"Milk, lowfat, fluid, 1% milkfat, with added vitamin A and vitamin D",3.38
746773,"Pears, raw, bartlett",0.38
746774,"Restaurant, Chinese, sweet and sour pork",8.88
746776,"Milk, nonfat, fluid, with added vitamin A and vitamin D (fat free or skim)",3.43
746777,"Sauce, salsa, ready-to-serve",1.44
746778,"Milk, reduced fat, fluid, 2% milkfat, with added vitamin A and vitamin D",3.36
746779,"Sausage, breakfast sausage, beef, pre-cooked, unprepared",13.3
746780,"Sausage, Italian, pork, mild, cooked, pan-fried",18.2
746781,"Sausage, pork, chorizo, link or ground, cooked, pan-fried",19.3
746782,"Milk, whole, 3.25% milkfat, with added vitamin D",3.27
746783,"Sausage, turkey, breakfast links, mild, raw",16.7
746784,"Sugars, granulated",0.0
746785,"Turkey, ground, 93% lean, 7% fat, pan-broiled crumbles",27.1
746952,"Ham, sliced, restaurant",19.6
747429,"Cheese, American, restaurant",17.5
747430,"Beans, Dry, Medium Red (0% moisture)",25.5
747431,"Beans, Dry, Red (0% moisture)",21.3
747432,"Beans, Dry, Flor de Mayo (0% moisture)",23.3
747433,"Beans, Dry, Brown (0% moisture)",25.6
747434,"Beans, Dry, Tan (0% moisture)",26.8
747435,"Beans, Dry, Light Tan (0% moisture)",24.6
747436,"Beans, Dry, Carioca (0% moisture)",25.2
747437,"Beans, Dry, Cranberry (0% moisture)",24.4
747438,"Beans, Dry, Light Red Kidney (0% moisture)",25.0
747439,"Beans, Dry, Pink (0% moisture)",23.4
747440,"Beans, Dry, Dark Red Kidney (0% moisture)",25.9
747441,"Beans, Dry, Navy (0% moisture)",24.1
747442,"Beans, Dry, Small White (0% moisture)",24.5
747443,"Beans, Dry, Small Red (0% moisture)",23.5
747444,"Beans, Dry, Black (0% moisture)",24.4
747445,"Beans, Dry, Pinto (0% moisture)",23.7
747446,"Beans, Dry, Great Northern (0% moisture)",24.7
747447,"Broccoli, raw",2.57
747693,"Ketchup, restaurant",1.11
747997,"Eggs, Grade A, Large, egg white",10.7
748236,"Eggs, Grade A, Large, egg yolk",16.2
748967,"Eggs, Grade A, Large, egg whole",12.4
749420,"Pork, cured, bacon, cooked, restaurant",40.9
789890,"Flour, wheat, all-purpose, enriched, bleached",10.9
789951,"Flour, wheat, all-purpose, enriched, unbleached",13.1
790018,"Flour, wheat, all-purpose, unenriched, unbleached",12.0
790085,"Flour, whole wheat, unenriched",15.1
790146,"Flour, bread, white, enriched, unbleached",14.3
790214,"Flour, rice, white, unenriched",6.94
790276,"Flour, corn, yellow, fine meal, enriched",6.2
790577,"Onions, red, raw",0.94
790646,"Onions, yellow, raw",0.83
1104647,"Garlic, raw",6.62
1104705,"Flour, soy, defatted",51.1
1104766,"Flour, soy, full-fat",38.6
1104812,"Flour, rice, brown",7.19
1104867,"Flour, rice, glutinous",6.69
1104913,"Flour, pastry, unenriched, unbleached",8.75
1104962,"Onions, white, raw",0.89
1105073,"Bananas, overripe, raw",0.73
1105314,"Bananas, ripe and slightly ripe, raw",0.74
1750339,"Apples, red delicious, with skin, raw",0.188
1750340,"Apples, fuji, with skin, raw",0.148
1750341,"Apples, gala, with skin, raw",0.133
1750342,"Apples, granny smith, with skin, raw",0.266
1750343,"Apples, honeycrisp, with skin, raw",0.102
1999626,"Mushroom, lion's mane",2.5
1999627,"Mushroom, oyster",2.9
1999628,"Mushrooms, shiitake",2.41
1999629,"Mushrooms, white button",2.89
1999630,"Soy milk, unsweetened, plain, shelf stable",3.55
1999631,"Almond milk, unsweetened, plain, shelf stable",0.555
1999632,"Spinach, baby",2.85
1999633,"Spinach, mature",2.91
1999634,"Tomato, roma",0.696
2003586,"Flour, 00",11.4
2003587,"Flour, spelt, whole grain",14.5
2003588,"Flour, semolina, coarse and semi-coarse",11.7
2003589,"Flour, semolina, fine",13.3
2003590,"Apple juice, with added vitamin C, from concentrate, shelf stable",0.086
2003591,"Orange juice, no pulp, not fortified, from concentrate, refrigerated",0.734
2003592,"Grape juice, purple, with added vitamin C, from concentrate, shelf stable",0.258
2003593,"Grape juice, white, with added vitamin C, from concentrate, shelf stable",0.094
2003594,"Cranberry juice, not fortified, from concentrate, shelf stable",0.0
2003595,"Grapefruit juice, red, not fortified, not from concentrate, refrigerated",0.57
2003596,"Tomato juice, with added ingredients, from concentrate, shelf stable",0.859
2003597,"Orange juice, no pulp, not fortified, not from concentrate, refrigerated",0.812
2003598,"Mushroom, portabella",2.75
2003599,"Mushroom, king oyster",2.41
2003600,"Mushroom, enoki",2.42
2003601,"Mushroom, crimini",3.09
2003602,"Mushroom, maitake",2.2
2003603,"Mushroom, beech",2.18
2003604,"Mushroom, pioppini",3.5
2257044,"Soy milk, sweetened, plain, refrigerated",2.78
2257045,"Almond milk, unsweetened, plain, refrigerated",0.656
2257046,"Oat milk, unsweetened, plain, refrigerated",0.797
2258586,"Carrots, mature, raw",0.941
2258587,"Carrots, baby, raw",0.805
2258588,"Peppers, bell, green, raw",0.715
2258589,"Peppers, bell, yellow, raw",0.819
2258590,"Peppers, bell, red, raw",0.896
2258591,"Peppers, bell, orange, raw",0.882
2259792,"Buttermilk, low fat",3.46
2259793,"Yogurt, plain, whole milk",3.82
2259794,"Yogurt, Greek, plain, whole milk",8.78
2259795,"Cheese, parmesan, grated, refrigerated",30.1
2259796,"Cheese, feta, whole milk, crumbled",19.7
2261420,"Flour, almond",26.2
2261421,"Flour, oat, whole grain",13.2
2261422,"Flour, potato",8.11
2262072,"Peanut butter, creamy",24.0
2262073,"Sesame butter, creamy",19.7
2262074,"Almond butter, creamy",20.8
2262075,"Flaxseed, ground",18.0
2346384,"Cottage cheese, full fat, large or small curd",11.6
2346385,"Cream cheese, full fat, block",5.79
2346386,"Cream, heavy",2.02
2346387,"Cream, sour, full fat",3.07
2346388,"Lettuce, iceberg, raw",0.742
2346389,"Lettuce, romaine, green, raw",0.977
2346390,"Lettuce, leaf, red, raw",0.883
2346391,"Lettuce, leaf, green, raw",1.09
2346392,"Nuts, pine nuts, raw",15.7
2346393,"Nuts, almonds, whole, raw",21.5
2346394,"Nuts, walnuts, English, halves, raw",14.6
2346395,"Nuts, pecans, halves, raw",9.96
2346396,"Oats, whole grain, rolled, old fashioned",13.5
2346397,"Oats, whole grain, steel cut",12.5
2346398,"Pineapple, raw",0.461
2346399,"Cherries, sweet, dark red, raw",1.04
2346400,"Beans, snap, green, raw",1.97
2346401,"Potatoes, russet, without skin, raw",2.27
2346402,"Potatoes, red, without skin, raw",2.06
2346403,"Potatoes, gold, without skin, raw",1.81
2346404,"Sweet potatoes, orange flesh, without skin, raw",1.58
2346405,"Celery, raw",0.492
2346406,"Cucumber, with peel, raw",0.625
2346407,"Cabbage, green, raw",0.961
2346408,"Cabbage, red, raw",1.24
2346409,"Strawberries, raw",0.641
2346410,"Raspberries, raw",1.01
2346411,"Blueberries, raw",0.703
2346412,"Grapes, red, seedless, raw",0.914
2346413,"Grapes, green, seedless, raw",0.899
2346414,"Applesauce, unsweetened, with added vitamin C",0.273
2512371,"Flour, amaranth",13.2
2512372,"Flour, quinoa",11.9
2512373,"Flour, sorghum",8.27
2512374,"Flour, buckwheat",8.88
2512375,"Flour, rye",8.4
2512376,"Flour, barley",8.72
2512377,"Flour, cassava",0.918
2512378,"Buckwheat, whole grain",11.1
2512379,"Millet, whole grain",10.0
2512380,"Rice, brown, long grain, unenriched, raw",7.25
2512381,"Rice, white, long grain, unenriched, raw",7.04
2514743,"Beef, ground, 90% lean meat / 10% fat, raw",18.2
2514744,"Beef, ground, 80% lean meat / 20% fat, raw",17.5
2514745,"Pork, ground, raw",17.8
2514746,"Chicken, ground, with additives, raw",17.9
2514747,"Turkey, ground, 93% lean/ 7% fat, raw",17.3
2515373,"Nuts, brazilnuts, raw",15.0
2515374,"Nuts, cashew nuts, raw",17.4
2515375,"Nuts, hazelnuts or filberts, raw",13.5
2515376,"Peanuts, raw",23.2
2515377,"Flour, chestnut",5.29
2515378,"Nuts, macadamia nuts, raw",7.79
2515379,"Nuts, pistachio nuts, raw",20.5
2515380,"Seeds, pumpkin seeds (pepitas), raw",29.9
2515381,"Seeds, sunflower seed, kernel, raw",18.9
2515382,"Flour, coconut",16.1
2644281,"Beans, cannellini, dry",21.6
2644282,"Chickpeas, (garbanzo beans, bengal gram), dry",21.3
2644283,"Lentils, dry",23.6
2644284,"Blackeye pea, dry",21.2
2644285,"Beans, black, canned, sodium added, drained and rinsed",6.91
2644286,"Beans, navy, canned, sodium added, drained and rinsed",6.57
2644287,"Beans, cannellini, canned, sodium added, drained and rinsed",7.41
2644288,"Chickpeas (garbanzo beans, bengal gram), canned, sodium added, drained and rinsed",7.02
2644289,"Beans, kidney, dark red, canned, sodium added, sugar added, drained and rinsed",7.8
2644290,"Beans, kidney, light red, canned, sodium added, sugar added, drained and rinsed",7.31
2644291,"Peas, green, sweet, canned, sodium added, sugar added, drained and rinsed",4.73
2644292,"Beans, pinto, canned, sodium added, drained and rinsed",6.69
2644293,"Blackeye pea, canned, sodium added, drained and rinsed",6.92
2644294,"Beans, great northern, canned, sodium added, drained and rinsed",7.03
2646168,"Pork, loin, boneless, raw",21.1
2646169,"Pork, loin, tenderloin, boneless, raw",21.6
2646170,"Chicken, breast, boneless, skinless, raw",22.5
2646171,"Chicken, thigh, boneless, skinless, raw",18.6
2646172,"Beef, ribeye, steak, boneless, choice, raw",18.7
2646173,"Beef, round, top round, boneless, choice, raw",21.5
2646174,"Beef, chuck, roast, boneless, choice, raw",18.4
2646175,"Beef, flank, steak, boneless, choice, raw",20.1
2647437,"Yogurt, plain, nonfat",4.23
2647438,"Cheese, monterey jack, solid",22.6
2647439,"Cheese, pasteurized process cheese food or product, American, singles",15.6
2647440,"Cheese, provolone, sliced",23.5
2647441,"Cheese, oaxaca, solid",22.1
2647442,"Cheese, queso fresco, solid",18.9
2647443,"Cheese, cotija, solid",23.8
2684440,"Fish, salmon, sockeye, wild caught, raw",22.3
2684441,"Fish, salmon, Atlantic, farm raised, raw",20.3
2684442,"Fish, tilapia, farm raised, raw",19.0
2684443,"Crustaceans, shrimp, farm raised, raw",15.6
2684444,"Fish, cod, Atlantic, wild caught, raw",16.1
2684445,"Fish, catfish, farm raised, raw",16.5
2684446,"Crustaceans, crab, blue swimming, lump, pasteurized, refrigerated",18.6
2685568,"Squash, summer, green, zucchini, includes skin, raw",0.984
2685569,"Squash, summer, yellow, includes skin, raw",0.891
2685570,"Squash, winter, butternut, raw",1.15
2685571,"Squash, winter, acorn, raw",1.25
2685572,"Cabbage, bok choy, raw",1.02
2685573,"Cauliflower, raw",1.64
2685574,"Collards, raw",2.97
2685575,"Brussels sprouts, raw",3.98
2685576,"Beets, raw",1.69
2685577,"Eggplant, raw",0.852
2685578,"Tomatoes, whole, canned, solids and liquids, with salt added",0.868
2685579,"Tomato, sauce, canned, with salt added",1.35
2685580,"Tomato, paste, canned, without salt added",4.23
2685581,"Tomatoes, crushed, canned",1.44
2685582,"Tomato, puree, canned",1.58
2710815,"Apricot, with skin, raw",0.961
2710816,"Melons, honeydew, raw",0.531
2710817,"Plantains, ripe, raw",1.16
2710818,"Plantains, underripe, raw",1.23
2710819,"Chia seeds, dry, raw",17.0
2710820,"Bulgur, dry, raw",11.8
2710821,"Wild rice, dry, raw",12.8
2710822,"Arugula, baby, raw",1.65
2710823,"Asparagus, green, raw",1.44
2710824,"Avocado, Hass, peeled, raw",1.81
2710825,"Rice, black, unenriched, raw",7.57
2710826,"Corn, sweet, yellow and white kernels,  fresh, raw",2.79
2710827,"Einkorn, grain, dry, raw",15.1
2710828,"Farro, pearled, dry, raw",12.6
2710829,"Fonio, grain, dry, raw",7.17
2710830,"Khorasan, grain, dry, raw",14.8
2710831,"Kiwifruit (kiwi), green, peeled, raw",1.01
2710832,"Mandarin, seedless, peeled, raw",1.04
2710833,"Mango, Tommy Atkins, peeled, raw",0.562
2710834,"Mango, Ataulfo, peeled, raw",0.688
2710835,"Corn flour, masa harina, white or yellow, dry, raw",7.56
2710836,"Pear, Anjou, green, with skin, raw",0.312
2710837,"Plum, black, with skin, raw",0.578
2710838,"Rice, red, unenriched, dry, raw",8.56
2710839,"Sorghum bran, white, unenriched, dry, raw",11.2
2710840,"Sorghum flour, white, pearled, unenriched, dry, raw",10.2
2710841,"Sorghum grain, white, pearled, unenriched, dry, raw",10.2
2710842,"Sorghum, whole grain, white, dry, raw",10.1
2710843,"Plantains, overripe, raw",1.17
2727566,"Chicken, drumstick, meat and skin, raw",18.4
2727567,"Chicken, thigh, meat and skin, raw",17.1
2727568,"Chicken, wing, meat and skin, raw",18.4
2727569,"Chicken, breast, meat and skin, raw",21.4
2727570,"Lamb, ground, raw",17.5
2727571,"Bison, ground, raw",19.9
2727572,"Beef, short loin (NY strip steak), raw",21.3
2727573,"Beef, tenderloin steak, raw",21.1
2727574,"Beef, top sirloin steak, raw",22.0
2727575,"Pork, chop, center cut, raw",22.8
2727576,"Pork, belly, with skin, raw",15.2
2727577,"Pawpaw, peeled, seeded, raw",1.15
2727578,"Squash, pie pumpkin, peeled, seeded, raw",0.854
2727579,"Squash, spaghetti, peeled, seeded, raw",0.792
2727580,"Rutabaga, peeled, raw",0.888
2727581,"Blackberries, raw",1.53
2727582,"Tomatillos, dehusked, raw",1.06
2727583,"Cabbage, napa, leaf, destemmed, raw",1.06
2727584,"Leeks, bulb and greens, root removed, raw",1.47
2727585,"Green onion, (scallion), bulb and greens, root removed, raw",0.669
2727586,"Shallots, bulb, peeled, root removed, raw",1.38
2727587,"Juice, prune, shelf-stable",0.423
2727588,"Juice, pomegranate, from concentrate, shelf-stable",0.0
2727589,"Juice, tart cherry, from concentrate, shelf-stable",0.147
2747652,"Anchovies, canned in olive oil, with salt, drained",26.9
2747653,"Beet greens, raw",1.61
2747654,"Cod, Pacific or Alaskan, frozen, wild caught",14.2
2747655,"Fennel, bulb, raw",0.922
2747656,"Halibut, frozen, wild caught",19.1
2747657,"Lobster, tail only, frozen, wild caught",13.0
2747658,"Mahi mahi, frozen, wild caught",19.8
2747659,"Parsnips, raw",1.27
2747660,"Peppers, banana or Hungarian wax, seeded, raw",0.723
2747661,"Peppers, jalapeno, seeded, raw",0.621
2747662,"Peppers, poblano, seeded, raw",1.43
2747663,"Peppers, serrano, seeded, raw",0.856
2747664,"Radicchio, raw",1.31
2747665,"Radishes, red, raw",0.656
2747666,"Scallops, bay, Patagonian, frozen, wild caught",16.4
2747667,"Scallops, sea, frozen, wild caught",13.5
2747668,"Sea bass, Chilean, frozen, wild caught",14.9
2747669,"Snapper, frozen, wild caught",20.7
2747670,"Snow crab, legs only, frozen",15.5
2747671,"Squid (calamari), frozen, tubes only",8.81
2747672,"Swordfish, frozen, wild caught",19.2
2747673,"Tuna, ahi or yellowfin, frozen, wild caught",24.7
2747674,"Turnips, raw",0.953
2747675,"Watermelon, seedless, flesh only, raw",0.871
2747676,"Watermelon, seedless, rind only, raw",0.531
